0,./bangumi_data/1099/109956.json
1,./bangumi_data/1147/114706.json
2,./bangumi_data/1298/129807.json
3,./bangumi_data/1328/132817.json
4,./bangumi_data/1399/139950.json
5,./bangumi_data/1436/143694.json
6,./bangumi_data/1467/146754.json
7,./bangumi_data/1484/148481.json
8,./bangumi_data/1502/150246.json
9,./bangumi_data/1547/154771.json
10,./bangumi_data/1591/159159.json
11,./bangumi_data/1690/169076.json
12,./bangumi_data/1702/170241.json
13,./bangumi_data/1706/170689.json
14,./bangumi_data/1741/174186.json
15,./bangumi_data/1742/174222.json
16,./bangumi_data/1754/175404.json
17,./bangumi_data/1807/180775.json
18,./bangumi_data/1838/183878.json
19,./bangumi_data/1838/183891.json
20,./bangumi_data/1857/185789.json
21,./bangumi_data/1861/186180.json
22,./bangumi_data/1864/186447.json
23,./bangumi_data/1880/188050.json
24,./bangumi_data/1899/189984.json
25,./bangumi_data/1902/190254.json
26,./bangumi_data/1904/190441.json
27,./bangumi_data/1913/191323.json
28,./bangumi_data/1929/192978.json
29,./bangumi_data/1936/193619.json
30,./bangumi_data/1948/194858.json
31,./bangumi_data/1958/195843.json
32,./bangumi_data/1958/195845.json
33,./bangumi_data/1980/198098.json
34,./bangumi_data/1988/198894.json
35,./bangumi_data/1993/199373.json
36,./bangumi_data/1994/199423.json
37,./bangumi_data/1994/199425.json
38,./bangumi_data/2005/200589.json
39,./bangumi_data/2022/202250.json
40,./bangumi_data/2038/203812.json
41,./bangumi_data/2040/204027.json
42,./bangumi_data/2041/204135.json
43,./bangumi_data/2053/205310.json
44,./bangumi_data/2067/206700.json
45,./bangumi_data/2069/206924.json
46,./bangumi_data/2071/207195.json
47,./bangumi_data/2079/207932.json
48,./bangumi_data/2083/208370.json
49,./bangumi_data/2102/210230.json
50,./bangumi_data/2104/210458.json
51,./bangumi_data/2110/211027.json
52,./bangumi_data/2110/211066.json
53,./bangumi_data/2113/211311.json
54,./bangumi_data/2115/211581.json
55,./bangumi_data/2118/211844.json
56,./bangumi_data/2120/212003.json
57,./bangumi_data/2121/212146.json
58,./bangumi_data/2121/212186.json
59,./bangumi_data/2142/214265.json
60,./bangumi_data/2146/214671.json
61,./bangumi_data/2151/215158.json
62,./bangumi_data/2172/217239.json
63,./bangumi_data/2172/217249.json
64,./bangumi_data/2173/217300.json
65,./bangumi_data/2175/217573.json
66,./bangumi_data/2176/217629.json
67,./bangumi_data/2176/217660.json
68,./bangumi_data/2182/218226.json
69,./bangumi_data/2184/218440.json
70,./bangumi_data/2184/218453.json
71,./bangumi_data/2185/218572.json
72,./bangumi_data/2187/218708.json
73,./bangumi_data/2187/218711.json
74,./bangumi_data/2187/218712.json
75,./bangumi_data/2191/219164.json
76,./bangumi_data/2192/219200.json
77,./bangumi_data/2195/219568.json
78,./bangumi_data/2196/219658.json
79,./bangumi_data/2197/219779.json
80,./bangumi_data/2201/220187.json
81,./bangumi_data/2203/220312.json
82,./bangumi_data/2203/220375.json
83,./bangumi_data/2204/220458.json
84,./bangumi_data/2205/220566.json
85,./bangumi_data/2206/220632.json
86,./bangumi_data/2206/220658.json
87,./bangumi_data/2210/221021.json
88,./bangumi_data/2210/221062.json
89,./bangumi_data/2211/221126.json
90,./bangumi_data/2211/221127.json
91,./bangumi_data/2211/221190.json
92,./bangumi_data/2212/221227.json
93,./bangumi_data/2212/221292.json
94,./bangumi_data/2212/221295.json
95,./bangumi_data/2217/221726.json
96,./bangumi_data/2231/223148.json
97,./bangumi_data/2250/225021.json
98,./bangumi_data/2256/225604.json
99,./bangumi_data/2256/225631.json
100,./bangumi_data/2258/225819.json
101,./bangumi_data/2258/225843.json
102,./bangumi_data/2259/225941.json
103,./bangumi_data/2262/226256.json
104,./bangumi_data/2265/226540.json
105,./bangumi_data/2266/226677.json
106,./bangumi_data/2267/226734.json
107,./bangumi_data/2267/226750.json
108,./bangumi_data/2268/226806.json
109,./bangumi_data/2269/226986.json
110,./bangumi_data/2270/227098.json
111,./bangumi_data/2271/227102.json
112,./bangumi_data/2271/227136.json
113,./bangumi_data/2272/227240.json
114,./bangumi_data/2273/227390.json
115,./bangumi_data/2277/227718.json
116,./bangumi_data/2277/227739.json
117,./bangumi_data/2277/227778.json
118,./bangumi_data/2279/227980.json
119,./bangumi_data/2280/228026.json
120,./bangumi_data/2280/228046.json
121,./bangumi_data/2282/228254.json
122,./bangumi_data/2282/228255.json
123,./bangumi_data/2282/228259.json
124,./bangumi_data/2283/228350.json
125,./bangumi_data/2283/228378.json
126,./bangumi_data/2283/228380.json
127,./bangumi_data/2283/228382.json
128,./bangumi_data/2288/228820.json
129,./bangumi_data/2289/228969.json
130,./bangumi_data/2293/229393.json
131,./bangumi_data/2298/229805.json
132,./bangumi_data/2299/229947.json
133,./bangumi_data/2301/230110.json
134,./bangumi_data/2301/230176.json
135,./bangumi_data/2312/231247.json
136,./bangumi_data/2312/231278.json
137,./bangumi_data/2314/231414.json
138,./bangumi_data/2314/231474.json
139,./bangumi_data/2317/231722.json
140,./bangumi_data/2320/232072.json
141,./bangumi_data/2326/232646.json
142,./bangumi_data/2328/232884.json
143,./bangumi_data/2336/233608.json
144,./bangumi_data/2340/234059.json
145,./bangumi_data/2343/234305.json
146,./bangumi_data/2343/234378.json
147,./bangumi_data/2344/234413.json
148,./bangumi_data/2345/234531.json
149,./bangumi_data/2347/234761.json
150,./bangumi_data/2347/234778.json
151,./bangumi_data/2350/235016.json
152,./bangumi_data/2351/235128.json
153,./bangumi_data/2351/235130.json
154,./bangumi_data/2356/235612.json
155,./bangumi_data/2357/235722.json
156,./bangumi_data/2360/236020.json
157,./bangumi_data/2360/236074.json
158,./bangumi_data/2361/236196.json
159,./bangumi_data/2362/236224.json
160,./bangumi_data/2365/236510.json
161,./bangumi_data/2365/236590.json
162,./bangumi_data/2365/236597.json
163,./bangumi_data/2366/236612.json
164,./bangumi_data/2367/236790.json
165,./bangumi_data/2369/236947.json
166,./bangumi_data/2374/237423.json
167,./bangumi_data/2377/237762.json
168,./bangumi_data/2378/237834.json
169,./bangumi_data/2378/237838.json
170,./bangumi_data/2379/237991.json
171,./bangumi_data/2380/238004.json
172,./bangumi_data/2380/238006.json
173,./bangumi_data/2386/238640.json
174,./bangumi_data/2388/238815.json
175,./bangumi_data/2389/238962.json
176,./bangumi_data/2389/238988.json
177,./bangumi_data/2391/239125.json
178,./bangumi_data/2396/239646.json
179,./bangumi_data/2398/239816.json
180,./bangumi_data/2399/239910.json
181,./bangumi_data/2399/239911.json
182,./bangumi_data/2399/239912.json
183,./bangumi_data/2399/239960.json
184,./bangumi_data/2399/239974.json
185,./bangumi_data/2400/240038.json
186,./bangumi_data/2400/240039.json
187,./bangumi_data/2401/240198.json
188,./bangumi_data/2403/240346.json
189,./bangumi_data/2403/240366.json
190,./bangumi_data/2403/240386.json
191,./bangumi_data/2404/240428.json
192,./bangumi_data/2404/240464.json
193,./bangumi_data/2404/240499.json
194,./bangumi_data/2405/240562.json
195,./bangumi_data/2407/240738.json
196,./bangumi_data/2407/240757.json
197,./bangumi_data/2407/240760.json
198,./bangumi_data/2407/240775.json
199,./bangumi_data/2408/240800.json
200,./bangumi_data/2408/240811.json
201,./bangumi_data/2408/240828.json
202,./bangumi_data/2408/240835.json
203,./bangumi_data/2408/240838.json
204,./bangumi_data/2409/240974.json
205,./bangumi_data/2410/241033.json
206,./bangumi_data/2410/241089.json
207,./bangumi_data/2410/241091.json
208,./bangumi_data/2410/241093.json
209,./bangumi_data/2411/241133.json
210,./bangumi_data/2411/241158.json
211,./bangumi_data/2411/241181.json
212,./bangumi_data/2412/241264.json
213,./bangumi_data/2412/241265.json
214,./bangumi_data/2413/241335.json
215,./bangumi_data/2418/241865.json
216,./bangumi_data/2418/241879.json
217,./bangumi_data/2419/241949.json
218,./bangumi_data/2420/242082.json
219,./bangumi_data/2421/242170.json
220,./bangumi_data/2424/242454.json
221,./bangumi_data/2426/242633.json
222,./bangumi_data/2426/242670.json
223,./bangumi_data/2427/242737.json
224,./bangumi_data/2427/242741.json
225,./bangumi_data/2429/242962.json
226,./bangumi_data/2429/242978.json
227,./bangumi_data/2439/243916.json
228,./bangumi_data/2439/243981.json
229,./bangumi_data/2440/244008.json
230,./bangumi_data/2448/244878.json
231,./bangumi_data/2449/244900.json
232,./bangumi_data/2455/245531.json
233,./bangumi_data/2456/245665.json
234,./bangumi_data/2462/246238.json
235,./bangumi_data/2464/246429.json
236,./bangumi_data/2464/246430.json
237,./bangumi_data/2470/247086.json
238,./bangumi_data/2473/247349.json
239,./bangumi_data/2475/247548.json
240,./bangumi_data/2478/247886.json
241,./bangumi_data/2481/248154.json
242,./bangumi_data/2481/248175.json
243,./bangumi_data/2482/248208.json
244,./bangumi_data/2486/248665.json
245,./bangumi_data/2489/248907.json
246,./bangumi_data/2492/249245.json
247,./bangumi_data/2496/249637.json
248,./bangumi_data/2505/250514.json
249,./bangumi_data/2507/250724.json
250,./bangumi_data/2510/251009.json
251,./bangumi_data/2510/251060.json
252,./bangumi_data/2515/251547.json
253,./bangumi_data/2523/252321.json
254,./bangumi_data/2523/252347.json
255,./bangumi_data/2526/252655.json
256,./bangumi_data/2535/253581.json
257,./bangumi_data/2536/253628.json
258,./bangumi_data/2547/254716.json
259,./bangumi_data/2547/254762.json
260,./bangumi_data/2547/254788.json
261,./bangumi_data/2548/254895.json
262,./bangumi_data/2555/255526.json
263,./bangumi_data/2556/255667.json
264,./bangumi_data/2559/255980.json
265,./bangumi_data/2561/256114.json
266,./bangumi_data/2561/256155.json
267,./bangumi_data/2565/256528.json
268,./bangumi_data/2565/256552.json
269,./bangumi_data/2565/256561.json
270,./bangumi_data/2566/256649.json
271,./bangumi_data/2568/256863.json
272,./bangumi_data/2573/257369.json
273,./bangumi_data/2583/258390.json
274,./bangumi_data/2597/259790.json
275,./bangumi_data/2598/259877.json
276,./bangumi_data/2604/260407.json
277,./bangumi_data/2604/260467.json
278,./bangumi_data/2606/260677.json
279,./bangumi_data/2607/260729.json
280,./bangumi_data/2607/260770.json
281,./bangumi_data/2610/261048.json
282,./bangumi_data/2621/262162.json
283,./bangumi_data/2625/262505.json
284,./bangumi_data/2625/262519.json
285,./bangumi_data/2629/262939.json
286,./bangumi_data/2629/262943.json
287,./bangumi_data/2637/263750.json
288,./bangumi_data/2637/263771.json
289,./bangumi_data/2639/263907.json
290,./bangumi_data/2643/264355.json
291,./bangumi_data/2643/264356.json
292,./bangumi_data/2645/264588.json
293,./bangumi_data/2653/265374.json
294,./bangumi_data/2653/265392.json
295,./bangumi_data/2657/265708.json
296,./bangumi_data/2661/266157.json
297,./bangumi_data/2663/266348.json
298,./bangumi_data/2663/266372.json
299,./bangumi_data/2664/266455.json
300,./bangumi_data/2667/266787.json
301,./bangumi_data/2667/266794.json
302,./bangumi_data/2672/267250.json
303,./bangumi_data/2674/267412.json
304,./bangumi_data/2674/267432.json
305,./bangumi_data/2676/267615.json
306,./bangumi_data/2676/267658.json
307,./bangumi_data/2677/267732.json
308,./bangumi_data/2680/268070.json
309,./bangumi_data/2681/268165.json
310,./bangumi_data/2690/269092.json
311,./bangumi_data/2695/269534.json
312,./bangumi_data/2695/269537.json
313,./bangumi_data/2698/269824.json
314,./bangumi_data/2700/270060.json
315,./bangumi_data/2702/270229.json
316,./bangumi_data/2704/270422.json
317,./bangumi_data/2711/271151.json
318,./bangumi_data/2717/271724.json
319,./bangumi_data/2720/272034.json
320,./bangumi_data/2724/272475.json
321,./bangumi_data/2725/272510.json
322,./bangumi_data/2729/272921.json
323,./bangumi_data/2738/273834.json
324,./bangumi_data/2738/273843.json
325,./bangumi_data/2738/273844.json
326,./bangumi_data/2738/273877.json
327,./bangumi_data/2738/273879.json
328,./bangumi_data/2741/274133.json
329,./bangumi_data/2753/275352.json
330,./bangumi_data/2753/275371.json
331,./bangumi_data/2760/276051.json
332,./bangumi_data/2764/276412.json
333,./bangumi_data/2767/276788.json
334,./bangumi_data/2771/277105.json
335,./bangumi_data/2772/277217.json
336,./bangumi_data/2773/277399.json
337,./bangumi_data/2774/277423.json
338,./bangumi_data/2774/277436.json
339,./bangumi_data/2775/277518.json
340,./bangumi_data/2776/277627.json
341,./bangumi_data/2782/278220.json
342,./bangumi_data/2784/278440.json
343,./bangumi_data/2785/278569.json
344,./bangumi_data/2786/278658.json
345,./bangumi_data/2788/278828.json
346,./bangumi_data/2794/279457.json
347,./bangumi_data/2794/279472.json
348,./bangumi_data/28/2888.json
349,./bangumi_data/2803/280380.json
350,./bangumi_data/2825/282564.json
351,./bangumi_data/2826/282637.json
352,./bangumi_data/2830/283053.json
353,./bangumi_data/2830/283088.json
354,./bangumi_data/2845/284546.json
355,./bangumi_data/2851/285109.json
356,./bangumi_data/2851/285130.json
357,./bangumi_data/2855/285517.json
358,./bangumi_data/2856/285670.json
359,./bangumi_data/2856/285672.json
360,./bangumi_data/2861/286123.json
361,./bangumi_data/2880/288010.json
362,./bangumi_data/2890/289031.json
363,./bangumi_data/2891/289119.json
364,./bangumi_data/2925/292522.json
365,./bangumi_data/2942/294202.json
366,./bangumi_data/3027/302797.json
367,./bangumi_data/912/91205.json
